{"cameraMode":{"drawMode":0,"name":"Shaded","section":"Shading Mode"},"sceneLighting":true,"audioPlay":false,"sceneViewState":{"m_AlwaysRefresh":false,"showFog":true,"showSkybox":true,"showFlares":true,"showImageEffects":true,"showParticleSystems":true,"showVisualEffectGraphs":true,"m_FxEnabled":true},"in2DMode":false,"pivot":{"x":-17.224515914916993,"y":1.091343641281128,"z":10.241334915161133},"rotation":{"x":-0.006339073181152344,"y":0.9934244155883789,"z":-0.06986729055643082,"w":-0.09056071937084198},"size":8.020926475524903,"orthographic":false}