{"cameraMode":{"drawMode":0,"name":"Shaded","section":"Shading Mode"},"sceneLighting":true,"audioPlay":false,"sceneViewState":{"m_AlwaysRefresh":false,"showFog":true,"showSkybox":true,"showFlares":true,"showImageEffects":true,"showParticleSystems":true,"showVisualEffectGraphs":true,"m_FxEnabled":true},"in2DMode":false,"pivot":{"x":-16.58690071105957,"y":0.628936767578125,"z":3.9855377674102785},"rotation":{"x":-0.0005749760894104838,"y":0.9974073767662048,"z":-0.07164859771728516,"w":-0.008387608453631401},"size":8.020926475524903,"orthographic":false}